"firstname","lastname","pitcher_throws","pitch_type","release_speed","plate_location_height","plate_location_side","release_height","release_side","extension","horizontal_break","induced_vertical_break","vertical_break","horizontal_approach_angle","vertical_approach_angle","horizontal_release_angle","vertical_release_angle","spin_rate","spin_axis","spin_efficiency","tilt","date","time"
"Will","Klein","Right","FB",95.08845,0.71441,-0.32716,5.15686,1.32399,5.05383,4.66513,21.56173,-10.41196,-1.297409201,-5.702638548,-2.162257137,-3.782780201,2020.802872,192.2175617,0.9999960703,12:30:00,2023-01-02,"11:52:36"
"Will","Klein","Right","FB",96.84832,3.14855,1.43799,5.15496,1.77999,5.48104,8.99392,23.07425,-7.36253,0.5228920181,-2.86951801,-1.166569582,-1.488238373,2206.519628,201.2801366,0.9951321353,12:45:00,2023-01-09,"11:45:16"
"Will","Klein","Right","FB",96.53938,1.99746,0.53237,5.31023,1.71448,5.53865,7.70907,18.80179,-12.33817,-0.4889472165,-4.775634476,-1.951640247,-2.441808529,2152.879838,202.2853087,0.9781684101,12:45:00,2023-01-09,"11:46:50"
"Will","Klein","Right","FB",95.91386,3.67596,-1.08967,5.21966,1.62781,5.36325,-0.71475,19.81784,-11.58872,-2.966679933,-2.790245181,-2.832586518,-0.6156903195,2091.008754,177.9396355,0.9770477198,12:00:00,2023-01-09,"11:49:29"
"Will","Klein","Right","FB",95.61551,2.26504,0.08819,5.22002,1.76425,5.20354,5.03652,21.96493,-9.83796,-1.284038687,-4.107283864,-2.227568033,-2.267672738,2226.791726,192.9042457,0.9860247744,12:30:00,2023-01-09,"11:49:58"
"Will","Klein","Right","FB",96.00985,2.24147,-0.64534,5.25316,1.64935,5.49636,9.93922,20.99818,-10.15926,-1.468342455,-4.217895315,-3.335404977,-2.309821264,2255.960855,205.307571,0.9826158289,12:45:00,2023-01-09,"11:56:58"
"Sam","Coonrod","Right","FB",95.15379,3.03455,-0.96445,5.24488,1.73861,5.20157,8.02697,18.57178,-13.47033,-2.082580103,-3.670230526,-3.581044387,-1.154350894,2170.125657,203.3194718,0.9499141494,12:45:00,2023-01-13,"10:47:32"
"Will","Klein","Right","FB",95.21444,2.29752,0.7265,5.32951,1.7011,5.41812,7.16552,16.73751,-14.95244,-0.3312112406,-4.706695398,-1.677617223,-1.905302729,2027.267324,203.1548259,0.9438931537,12:45:00,2023-01-13,"12:31:07"
"Will","Klein","Right","FB",95.06408,0.88906,-1.09837,5.37912,1.24354,5.45903,6.39383,18.20072,-13.63014,-1.869544692,-6.118446816,-3.068682374,-3.574171348,2044.828755,199.3602267,0.9936155374,12:45:00,2023-01-13,"12:32:44"
"Will","Klein","Right","FB",95.46031,3.39638,0.37364,5.35123,1.34994,5.55401,3.91617,16.5027,-14.83224,-0.6562663193,-3.559898734,-1.394062378,-0.7691554167,1998.889342,193.3276086,0.9640228011,12:30:00,2023-01-13,"12:38:47"
"Will","Klein","Right","FB",95.2568,2.29138,-0.96182,5.37856,1.27945,5.34632,10.21702,22.32685,-9.39475,-1.383628915,-4.207809765,-3.293949981,-2.45139226,2051.172801,204.5720949,0.9532507425,12:45:00,2023-01-17,"11:29:14"
"Sam","Coonrod","Right","FB",95.7574,2.80168,-0.86744,5.12449,2.25587,NA,10.03765,15.65278,-17.06711,-2.29196171,-4.031622595,-4.112084349,-0.9343094971,2072.017404,212.5813848,0.9038048379,01:00:00,2023-01-20,"10:51:35"
"Will","Klein","Right","FB",95.5446,3.23839,-0.75425,5.44991,1.08601,5.38207,2.0585,17.93557,-13.67857,-1.758564084,-3.710645216,-2.145506208,-1.142444195,1947.368522,186.5350746,0.9904163923,12:15:00,2023-01-20,"11:21:09"
"Will","Klein","Right","FB",95.05929,3.99552,1.82508,5.44255,0.96123,5.4163,10.18967,16.93387,-14.87699,1.932823307,-3.016869612,0.01570687101,-0.2213046952,1916.93827,210.9972685,0.9979749655,01:00:00,2023-01-20,"11:22:28"
"Will","Klein","Right","FB",95.25724,1.53049,-0.63586,5.40371,0.89188,5.44737,2.493,19.5605,-12.21401,-1.384110391,-5.333871673,-1.853308814,-3.045827164,2016.090739,187.2614827,0.9800600511,12:15:00,2023-01-20,"11:23:30"
"Will","Klein","Right","FB",95.3725,3.55052,0.04379,5.44923,0.96892,5.45887,6.0424,16.1026,-15.41908,-0.3894694633,-3.55268949,-1.526151994,-0.6555610531,1943.841035,200.5342611,0.9968359496,12:45:00,2023-01-20,"11:25:59"
"Will","Klein","Right","FB",95.22371,3.04832,-0.84966,5.48063,0.96021,5.24621,5.30827,19.1656,-12.85693,-1.399984652,-3.85548224,-2.395579454,-1.446798048,2152.769525,195.4566856,0.9531624625,12:30:00,2023-01-20,"11:30:28"
"Will","Klein","Right","FB",95.7251,2.4801,-2.26917,5.35875,0.97167,5.33672,0.42941,14.07026,-16.78424,-3.409412645,-4.672032223,-3.488766545,-1.574411945,1897.296476,181.7423734,0.8789874398,12:00:00,2023-01-20,"11:34:54"
"Will","Klein","Right","FB",95.77097,0.33519,0.94274,5.4017,0.9963,5.45155,7.37531,15.79857,-15.01832,0.6594260892,-6.839010149,-0.7137919475,-4.068548618,1913.516735,205.0518663,0.9999997474,12:45:00,2023-01-20,"11:35:32"
"Will","Klein","Right","FB",95.29924,1.36037,-1.6912,5.43679,0.89689,5.47462,4.40644,17.75266,-13.6038,-2.333124559,-5.666545644,-3.155439021,-3.137334465,2065.566909,193.929915,0.9713965143,12:30:00,2023-01-20,"11:36:02"
"Will","Klein","Right","FB",95.61075,2.2687,-0.61976,5.36781,1.04421,5.25382,5.28607,19.17067,-12.29299,-1.25256983,-4.493974353,-2.238904071,-2.205564079,1960.076813,195.4012049,0.9888062776,12:30:00,2023-01-20,"11:36:24"
"Will","Klein","Right","FB",96.17321,3.73798,0.27421,5.50635,1.09177,5.317,6.75719,19.32316,-11.74008,-0.2054213541,-3.038441013,-1.471001236,-0.8415678922,2074.743233,199.2489021,0.9636166777,12:45:00,2023-01-20,"11:36:42"
"Will","Klein","Right","FB",96.69497,3.69433,0.27502,5.26346,1.06117,5.34888,4.95095,19.9896,-10.69606,-0.3501320363,-2.725625767,-1.277992364,-0.7225159641,2091.524544,193.8924541,0.9642210457,12:30:00,2023-01-20,"11:37:05"
"Sam","Coonrod","Right","FB",95.1205,3.06312,0.24727,5.52821,1.94355,6.58991,8.08874,17.75684,-12.35976,-1.040985696,-3.92220909,-2.585497119,-1.564458387,2231.519603,204.4582139,0.9776248547,12:45:00,2023-02-03,"12:24:52"
"Sam","Coonrod","Right","FB",95.64245,3.36737,-0.36766,5.45525,1.92653,6.88879,5.80987,14.99096,-14.27099,-1.936454623,-3.712487504,-3.047086559,-0.9849861952,2342.759669,201.1352519,0.9334758008,12:45:00,2023-02-03,"12:29:04"
"Sam","Coonrod","Right","FB",95.81782,2.07765,-0.71555,5.44227,1.9125,6.91355,11.02995,16.00319,-13.68222,-1.763346573,-5.0719436,-3.889854047,-2.435959661,2385.947009,214.5502502,0.9321541363,01:15:00,2023-02-03,"12:31:26"
"Will","Klein","Right","FB",95.58458,2.76227,0.68974,5.79983,1.23203,6.7859,7.03847,17.19372,-12.5569,0.1180659501,-4.588710028,-1.236556445,-2.179953783,1916.940276,202.2500127,0.9654775808,12:45:00,2023-02-03,"12:57:52"
"Will","Klein","Right","FB",97.68512,1.24486,-0.0631,5.77296,1.20384,7.03977,9.7143,18.49342,-10.0482,-0.3997102668,-5.992439894,-2.284871271,-4.053319757,NA,NA,NA,NA,2023-02-03,"12:58:13"
"Will","Klein","Right","FB",97.07901,2.20807,0.48887,5.78108,1.34757,7.1233,10.05119,18.0934,-10.62513,0.08417536723,-5.017104016,-1.869874928,-2.959427926,2068.266687,209.0630165,0.9720484786,01:00:00,2023-02-03,"12:58:30"
"Will","Klein","Right","FB",96.22217,1.82559,0.15222,5.79464,1.23897,6.96276,11.1193,15.34306,-14.04115,-0.05949119061,-5.777091037,-2.212223759,-3.071711776,2034.703494,215.9475359,0.9325028953,01:15:00,2023-02-03,"12:59:08"
"Will","Klein","Right","FB",95.524,1.39723,0.52027,5.89455,1.13779,6.90539,11.01154,16.97777,-12.85853,0.4421192049,-6.221942881,-1.685282028,-3.754878185,1999.834747,213.0061958,0.9423363652,01:00:00,2023-02-03,"13:01:33"
"Will","Klein","Right","FB",95.51946,0.9256,0.74466,5.80682,1.35574,6.90933,8.13595,18.07787,-11.53544,0.1492854343,-6.495676629,-1.415360585,-4.295473764,NA,NA,NA,NA,2023-02-03,"13:05:15"
"Will","Klein","Right","FB",96.17587,1.78092,0.73661,5.80907,1.30035,6.81019,11.48537,17.60787,-11.46989,0.5302176315,-5.544305439,-1.666553157,-3.362328576,2014.778074,213.1430344,0.9999990548,01:00:00,2023-02-03,"13:06:23"
"Will","Klein","Right","FB",95.83203,3.08284,-0.53844,5.83133,1.26001,6.94352,7.34322,18.9021,-10.26044,-1.238894616,-4.042837506,-2.646930993,-2.077608277,2108.544523,201.2102817,0.9660038251,12:45:00,2023-02-03,"13:06:41"
"Will","Klein","Right","FB",95.35173,2.51257,-0.12649,5.92928,1.11181,6.74117,6.52529,17.95135,-11.58549,-0.706246252,-4.880661105,-1.950024207,-2.679789671,2027.876334,199.9710091,0.9999960413,12:45:00,2023-02-03,"13:07:35"
"Will","Klein","Right","FB",95.24152,2.33679,-0.16412,5.35706,1.20207,5.21465,10.52531,19.59806,-12.74021,-0.4016531112,-4.476005217,-2.384690176,-2.080525933,2140.430174,208.2199931,0.9870515363,01:00:00,2023-02-07,"11:12:48"
"Will","Klein","Right","FB",95.60981,3.21935,-0.64533,5.32752,1.3874,5.45671,10.47214,19.75004,-11.99556,-1.123145504,-3.448744129,-3.101236404,-1.18251517,2212.049252,207.8866285,0.9667616501,01:00:00,2023-02-07,"11:21:35"
"Brett","Graves","Right","FB",95.02409,3.72475,0.94791,5.16732,2.66395,6.40546,13.13134,17.30772,-13.40487,-0.540960235,-2.919556098,-3.053858044,-0.3535279102,2370.880357,217.1149641,0.8692516558,01:15:00,2023-02-10,"11:36:36"
"Will","Klein","Right","FB",95.92992,2.20546,0.45118,5.53386,1.67843,6.55464,7.67059,14.02334,-15.62037,-0.570795673,-5.179781498,-2.035048463,-2.208204531,1919.060483,208.6563701,0.9290020318,01:00:00,2023-02-10,"11:41:19"
"Will","Klein","Right","FB",98.24493,2.24781,-0.31268,5.38904,1.6981,6.89952,10.61629,12.93242,-15.06632,-1.135506268,-4.957222329,-3.175937453,-2.066397105,2003.395703,219.3531978,0.9608949099,01:15:00,2023-02-10,"11:41:43"
"Will","Klein","Right","FB",96.46739,3.21004,0.01549,5.56229,1.64986,6.5242,5.06975,15.46967,-14.0115,-1.271499582,-3.966485265,-2.241126516,-1.29021773,2048.888117,198.1143951,0.928456906,12:30:00,2023-02-10,"11:43:12"
"Will","Klein","Right","FB",96.29995,1.69339,-0.27918,5.51738,1.67405,6.65822,4.47106,13.54908,-15.90025,-1.684127963,-5.758235693,-2.540305007,-2.726469898,2052.527039,198.2459138,0.9262577358,12:30:00,2023-02-10,"11:43:24"
"Will","Klein","Right","FB",97.36876,3.46712,0.56465,5.48208,1.52587,6.72804,9.4528,13.1503,-15.5349,-0.09759559553,-3.768103477,-1.913326888,-0.7878893321,1898.254063,215.6566638,0.9294746484,01:15:00,2023-02-10,"11:43:40"
"Will","Klein","Right","FB",97.76989,5.10171,1.71836,5.49936,1.63276,6.70072,7.1462,14.00505,-14.47926,0.815526802,-1.896871384,-0.5577448873,0.8847301478,1852.140161,206.9939427,0.9616909173,01:00:00,2023-02-10,"11:44:08"
"Will","Klein","Right","FB",98.05819,2.14357,0.48886,5.45627,1.56337,6.71885,7.49614,15.13218,-13.07662,-0.4226446292,-4.926153325,-1.858598148,-2.429656132,2033.977538,206.3413953,0.9999484759,01:00:00,2023-02-10,"11:45:00"
"Will","Klein","Right","FB",96.02935,2.09075,0.80407,5.56972,1.54178,6.63925,7.59809,14.57191,-14.86202,-0.04540601322,-5.273650636,-1.497396689,-2.445481165,1944.216011,207.5259395,0.9979882031,01:00:00,2023-02-10,"11:46:19"
"Will","Klein","Right","FB",96.77183,1.90363,-0.39228,5.52803,1.54631,6.86006,8.87256,15.36996,-13.50905,-1.232594717,-5.321371272,-2.935584159,-2.735742479,2076.387058,209.9882808,0.9992517386,01:00:00,2023-02-10,"11:46:32"
"Will","Klein","Right","FB",97.82128,3.60106,1.11578,5.3289,1.67985,6.98583,10.10802,13.32098,-15.26099,0.4227288123,-3.47081701,-1.546403827,-0.5014102956,2128.594816,217.1380036,0.9603214142,01:15:00,2023-02-10,"11:47:12"
"Will","Klein","Right","FB",99.04665,2.06315,0.18226,5.41745,1.62931,6.98401,10.62084,18.49458,-9.37368,-0.5001577991,-4.641702651,-2.563078101,-2.824760773,2151.910415,209.8729395,NA,01:00:00,2023-02-10,"11:48:46"
"Will","Klein","Right","FB",96.74266,1.94504,0.10424,5.36841,1.64647,6.91729,9.46948,16.88753,-12.34651,-0.7236814818,-5.011860476,-2.558971811,-2.62556056,2012.693754,209.2750588,0.9999632836,01:00:00,2023-02-10,"11:50:22"
"Will","Klein","Right","FB",97.91823,1.64532,0.68855,5.33877,1.63714,6.81951,11.44443,15.53542,-13.12928,0.1317211477,-5.377450008,-2.084576278,-2.845446521,2082.013063,216.3878313,0.9999999233,01:15:00,2023-02-10,"11:50:42"
"Will","Klein","Right","FB",96.29908,3.508,0.46383,5.64493,1.53418,6.55424,7.82368,15.55887,-14.12553,-0.3757197018,-3.7549828,-1.877981213,-1.046255829,2073.375232,206.6570944,0.9966706072,01:00:00,2023-02-10,"11:52:15"
"Will","Klein","Right","FB",96.03912,3.63066,-0.15248,5.57058,1.61025,6.55597,4.94183,20.40197,-9.45557,-1.422525905,-3.068833241,-2.370657695,-1.255280601,2004.362818,193.5949398,0.991530883,12:30:00,2023-02-10,"11:52:48"
"Will","Klein","Right","FB",95.69177,2.51316,1.14544,5.58232,1.5812,6.56473,15.09084,14.2057,-15.84876,1.051028688,-4.938558672,-1.846772439,-1.905829036,2019.609274,226.7136619,0.9999878523,01:30:00,2023-02-10,"11:53:06"
"Will","Klein","Right","FB",98.57435,2.74675,0.36967,5.37062,1.66881,6.80749,15.06384,14.22586,-13.7403,0.09984261006,-4.257940556,-2.797603012,-1.618539638,2112.126553,226.6109599,0.9806835396,01:30:00,2023-02-10,"11:53:29"
"Riely","Hunsaker","Right","FB",95.3082,NA,NA,5.0628,1.24841,5.52649,NA,NA,NA,NA,NA,-2.773447551,-4.879873062,2289.042857,211.4511437,0.9517474967,01:00:00,2023-06-07,"13:23:31"
"Drew","Pestka","Right","FB",95.09542,1.56467,0.42386,5.17779,2.19729,4.11808,13.56779,12.33698,-20.39047,-0.5450547843,-5.76565999,-3.052113794,-2.00970831,2161.417414,227.6928091,0.8848821606,01:30:00,2023-08-08,"13:18:05"
"Drew","Pestka","Right","FB",95.40139,2.5677,1.34757,5.12689,2.31674,4.49067,17.10928,10.27989,-22.30859,0.6821179583,-4.926171009,-2.535100691,-0.7408332659,2139.500477,238.9355286,0.95051332,02:00:00,2023-08-08,"13:18:56"
"Drew","Pestka","Right","FB",95.21282,0.7668,0.22637,5.15521,2.27831,4.39113,14.51311,14.52945,-18.37734,-0.7259892096,-6.439708402,-3.443987607,-3.012349717,2294.495213,224.9919604,0.8919340728,01:30:00,2023-08-08,"13:19:11"
"Drew","Pestka","Right","FB",96.15931,3.34516,1.69472,5.1179,2.46438,4.48514,15.54877,12.36577,-19.32702,0.7185119714,-3.778129021,-2.186408379,-0.171621879,2104.090387,231.4293147,0.9049763421,01:45:00,2023-08-08,"13:23:54"
"Jacob","Dudan","Right","FB",96.13034,3.10446,0.83956,4.79566,1.7002,4.49954,11.28391,12.74918,-18.47132,0.1844084282,-3.58130738,-1.907213259,-0.160849794,2386.146532,221.4397624,0.692468952,01:30:00,2023-09-06,"14:16:52"
"Jacob","Dudan","Right","FB",96.13034,3.10446,0.83956,4.79566,1.7002,4.49954,11.28391,12.74918,-18.47132,0.1844084282,-3.58130738,-1.907213259,-0.160849794,2386.146532,221.4397624,0.692468952,01:30:00,2023-09-06,"14:16:52"
"Jacob","Dudan","Right","FB",96.31844,1.89781,0.53551,4.82119,1.78481,4.50406,15.08831,9.89457,-21.21868,0.1409394376,-5.142971075,-2.653847608,-1.22236654,2550.853228,236.6925157,0.6567744622,02:00:00,2023-09-06,"14:17:10"
"Jacob","Dudan","Right","FB",96.31844,1.89781,0.53551,4.82119,1.78481,4.50406,15.08831,9.89457,-21.21868,0.1409394376,-5.142971075,-2.653847608,-1.22236654,2550.853228,236.6925157,0.6567744622,02:00:00,2023-09-06,"14:17:10"
"Jacob","Dudan","Right","FB",95.65319,1.82129,0.47387,4.80905,1.66589,4.43456,10.96919,10.59089,-20.81452,-0.2051923756,-5.151442223,-2.227400512,-1.324805806,2569.668133,225.9471307,0.5860372397,01:30:00,2023-09-06,"14:17:47"
"Jacob","Dudan","Right","FB",95.65319,1.82129,0.47387,4.80905,1.66589,4.43456,10.96919,10.59089,-20.81452,-0.2051923756,-5.151442223,-2.227400512,-1.324805806,2569.668133,225.9471307,0.5860372397,01:30:00,2023-09-06,"14:17:47"
"Jacob","Dudan","Right","FB",95.95277,1.41577,-0.52655,4.73821,1.87109,4.61763,7.53668,18.84393,-12.45547,-1.811712378,-4.726179469,-3.209039913,-2.42020992,2643.570235,201.7770476,0.6144232858,12:45:00,2023-09-06,"14:18:08"
"Jacob","Dudan","Right","FB",95.95277,1.41577,-0.52655,4.73821,1.87109,4.61763,7.53668,18.84393,-12.45547,-1.811712378,-4.726179469,-3.209039913,-2.42020992,2643.570235,201.7770476,0.6144232858,12:45:00,2023-09-06,"14:18:08"
"Jacob","Dudan","Right","FB",95.26073,2.34614,1.51013,4.70034,1.91382,4.3976,15.83487,10.15194,-21.79983,1.110322243,-4.595013513,-1.821558638,-0.5680981168,2585.084641,237.2681379,0.5903716362,02:00:00,2023-09-06,"14:18:27"
"Jacob","Dudan","Right","FB",95.26073,2.34614,1.51013,4.70034,1.91382,4.3976,15.83487,10.15194,-21.79983,1.110322243,-4.595013513,-1.821558638,-0.5680981168,2585.084641,237.2681379,0.5903716362,02:00:00,2023-09-06,"14:18:27"
"Jacob","Dudan","Right","FB",95.84449,4.33356,1.6157,4.77699,1.79751,4.29967,7.82989,12.00296,-19.42679,0.5609575729,-2.334601732,-0.8805289198,1.240350415,2582.214667,213.057808,0.7664836194,01:00:00,2023-09-06,"14:20:05"
"Jacob","Dudan","Right","FB",95.84449,4.33356,1.6157,4.77699,1.79751,4.29967,7.82989,12.00296,-19.42679,0.5609575729,-2.334601732,-0.8805289198,1.240350415,2582.214667,213.057808,0.7664836194,01:00:00,2023-09-06,"14:20:05"
"Jacob","Dudan","Right","FB",95.98141,4.89136,0.60703,4.68879,1.77705,4.26837,6.51299,11.87122,-19.64911,-0.6062507205,-1.680222781,-1.806166782,1.939272739,2623.340178,208.6851318,0.6964951967,01:00:00,2023-09-06,"14:21:53"
"Jacob","Dudan","Right","FB",95.98141,4.89136,0.60703,4.68879,1.77705,4.26837,6.51299,11.87122,-19.64911,-0.6062507205,-1.680222781,-1.806166782,1.939272739,2623.340178,208.6851318,0.6964951967,01:00:00,2023-09-06,"14:21:53"
"Jacob","Dudan","Right","FB",96.32175,2.18289,0.51181,4.70026,1.74266,4.44717,5.47786,12.77528,-18.27791,-0.7729837331,-4.422403844,-1.785244822,-1.051610758,2627.269918,203.1654786,NA,12:45:00,2023-09-06,"14:22:29"
"Jacob","Dudan","Right","FB",96.32175,2.18289,0.51181,4.70026,1.74266,4.44717,5.47786,12.77528,-18.27791,-0.7729837331,-4.422403844,-1.785244822,-1.051610758,2627.269918,203.1654786,NA,12:45:00,2023-09-06,"14:22:29"
"Camden","Wimbish","Right","FB",95.1442,1.37698,-1.17519,4.70941,1.83635,5.74651,5.07087,11.03945,-19.35518,-2.761918878,-5.504906509,-3.718688923,-1.860033269,2361.463817,204.6081259,0.8099269739,12:45:00,2023-09-07,"14:40:45"
"Camden","Wimbish","Right","FB",95.1442,1.37698,-1.17519,4.70941,1.83635,5.74651,5.07087,11.03945,-19.35518,-2.761918878,-5.504906509,-3.718688923,-1.860033269,2361.463817,204.6081259,0.8099269739,12:45:00,2023-09-07,"14:40:45"
"PJ","Labriola","Left","FB",95.15914,1.45307,-0.68577,5.46978,-1.5052,5.56486,-8.64401,13.89087,-16.66582,0.03271254923,-5.963395868,1.663515931,-2.836385937,2100.337044,148.1102896,0.8571348012,11:00:00,2023-09-07,"17:20:15"
"PJ","Labriola","Left","FB",95.15914,1.45307,-0.68577,5.46978,-1.5052,5.56486,-8.64401,13.89087,-16.66582,0.03271254923,-5.963395868,1.663515931,-2.836385937,2100.337044,148.1102896,0.8571348012,11:00:00,2023-09-07,"17:20:15"
"PJ","Labriola","Left","FB",95.24524,2.20682,-0.29218,5.42308,-1.60236,5.53026,1.00963,13.3133,-17.06062,1.513749609,-5.133192508,1.323859903,-1.936797414,2094.649852,184.3296363,0.785391144,12:15:00,2023-09-07,"17:21:15"
"PJ","Labriola","Left","FB",95.24524,2.20682,-0.29218,5.42308,-1.60236,5.53026,1.00963,13.3133,-17.06062,1.513749609,-5.133192508,1.323859903,-1.936797414,2094.649852,184.3296363,0.785391144,12:15:00,2023-09-07,"17:21:15"
"Evan","Harmon","Right","FB",95.67175,0.91289,0.07175,5.18579,3.17459,4.6747,19.07784,14.69671,-17.46803,-1.403390829,-6.248891682,-4.974963902,-2.980272144,2690.215862,232.4358921,0.929664827,01:45:00,2023-09-09,"10:19:29"
"Evan","Harmon","Right","FB",95.7841,5.37993,-0.76828,5.29177,3.13798,5.07069,7.9681,16.69547,-14.73582,-3.384537868,-1.371209714,-4.881521387,1.403803452,2584.595827,205.3822814,0.9002296883,12:45:00,2023-09-09,"10:19:48"
"Evan","Harmon","Right","FB",95.00713,1.55914,0.85109,5.1103,3.22675,4.74445,18.47249,10.742,-21.4604,-0.7039130077,-5.877344413,-4.159096598,-1.870366883,2568.780772,239.8082343,0.958751163,02:00:00,2023-09-09,"10:20:09"
"Evan","Harmon","Right","FB",95.54907,2.43148,1.2506,5.01422,3.26003,5.07352,6.66198,16.01141,-15.15173,-1.493305191,-4.252639674,-2.743949914,-1.411586233,2656.111408,202.550955,NA,12:45:00,2023-09-09,"10:23:38"
"Evan","Harmon","Right","FB",95.83803,1.82415,0.40761,4.99865,3.15921,4.9609,7.79244,15.63712,-15.50845,-2.171925308,-4.903164246,-3.629089795,-2.006209944,2534.175338,206.4438545,0.846362447,01:00:00,2023-09-09,"10:24:09"
"David","Hamilton","Right","FB",95.13687,2.57754,-0.10698,5.32242,0.94553,5.71979,6.81939,19.65278,-10.48735,-0.4710515362,-3.998279446,-1.756129867,-2.026004282,2513.310995,199.1231944,0.8100015612,12:45:00,2023-09-15,"17:36:48"
"Chris","Cortez","Right","SI",95.41707,2.06509,1.53933,5.31144,2.46373,5.33699,19.43866,3.77109,-27.04094,0.9265516102,-6.141560689,-2.7357027,-1.06712186,2240.3009,258.9867413,0.7321455965,02:45:00,2023-10-10,"14:28:42"
"Chris","Cortez","Right","SI",95.27992,0.05327,-0.34565,5.15638,2.23769,5.56226,20.51456,1.02635,-29.65379,-0.7660132651,-8.381412869,-4.628884283,-2.832571603,2169.22737,267.2872606,NA,03:00:00,2023-10-10,"14:28:56"
"Chris","Cortez","Right","SI",95.21114,2.88194,0.47809,5.16484,2.37716,5.48646,14.09424,7.23421,-23.42595,-0.658640951,-4.763373423,-3.312947512,-0.3562905664,2163.290074,242.7252443,NA,02:00:00,2023-10-10,"14:29:15"
"Chris","Cortez","Right","SI",95.29186,0.60966,0.07272,5.11965,2.20853,5.4719,14.58462,6.50988,-24.12523,-0.8691557868,-7.199813129,-3.610427462,-2.689159557,2212.086579,245.9851004,0.7468782614,02:15:00,2023-10-10,"14:29:54"
"Chris","Cortez","Right","SI",95.80969,1.31874,0.16824,5.1079,2.39582,5.50702,16.39152,7.2885,-23.04019,-0.7867402827,-6.33793183,-3.873311586,-2.012298813,2236.853109,246.0318929,0.7380614037,02:15:00,2023-10-10,"14:30:10"
"Chris","Cortez","Right","SI",97.43112,2.64029,1.34507,5.07164,2.21316,5.40664,18.53882,9.31645,-20.25274,0.90634402,-4.621076266,-2.598116729,-0.8003472186,2257.910299,243.2654543,0.7398232115,02:00:00,2023-10-10,"14:31:49"
"Chris","Cortez","Right","SI",97.41487,1.39831,0.45428,5.09856,2.21741,5.60382,18.83645,3.52071,-25.6891,-0.04361447593,-6.514460131,-3.599618985,-1.682732004,2236.089434,259.4276139,0.7535340336,02:45:00,2023-10-10,"14:32:05"
"Chris","Cortez","Right","SI",96.56272,2.2677,1.03424,5.0226,2.19598,5.55772,15.46365,7.38372,-22.31099,0.272185319,-5.166516758,-2.64583391,-0.9666579007,2269.17713,244.4170592,0.7175333887,02:15:00,2023-10-10,"14:32:52"
"Chris","Cortez","Right","SI",96.67261,0.96291,0.60701,5.0271,2.17761,5.69533,19.94908,1.55254,-27.96247,0.272160179,-7.13221552,-3.498114271,-1.874328074,2282.021368,265.5875234,0.7147348193,02:45:00,2023-10-10,"14:33:48"
"Chris","Cortez","Right","SI",95.96257,1.98996,0.73853,5.01693,2.32853,5.61114,17.60395,9.51715,-20.55753,0.0222389801,-5.293215741,-3.302846919,-1.418432882,2260.520912,241.5707604,0.728499919,02:00:00,2023-10-10,"14:34:08"
"Chris","Cortez","Right","SI",96.30407,1.33372,0.76283,5.09602,2.27468,5.5388,17.62882,4.09646,-25.76369,0.1037569363,-6.573037997,-3.216436139,-1.741500816,2290.271252,256.9200526,0.7302071009,02:30:00,2023-10-10,"14:35:54"
"Chris","Cortez","Right","SI",95.70057,2.76443,0.63947,5.08933,2.17792,5.57769,15.66918,8.50128,-21.70042,-0.1158976678,-4.645401707,-3.071470374,-0.5575138763,2316.301639,241.4365544,0.7191186516,02:00:00,2023-10-10,"14:36:30"
"Chris","Cortez","Right","SI",95.94723,2.05602,0.67892,5.1794,2.08172,5.62676,16.38143,7.73583,-22.23879,0.09965908896,-5.557524115,-2.991992682,-1.37208963,2320.088056,244.6850726,0.7160936604,02:15:00,2023-10-10,"14:36:47"
"Chris","Cortez","Right","SI",96.18528,1.73361,0.71754,5.16086,2.25053,5.5713,16.22389,6.41411,-23.41213,-0.06092551056,-5.98537249,-3.115033734,-1.592766061,2350.224809,248.4061395,0.6989712473,02:15:00,2023-10-10,"14:37:03"
"Chris","Cortez","Right","SI",96.86441,2.21528,1.09472,5.093,2.25798,5.49239,15.03581,3.28125,-26.227,0.2243755344,-5.668183281,-2.605809997,-0.7461399465,2304.128386,257.620883,0.6874266977,02:30:00,2023-10-10,"14:38:14"
"Chris","Cortez","Right","SI",96.39899,3.32197,1.89118,5.14318,2.28119,5.55325,15.22329,8.25666,-21.43348,1.078525331,-4.072073661,-1.791454983,-0.03788756521,2323.789716,241.4431084,0.7083224581,02:00:00,2023-10-10,"14:39:44"
"Steve","Kolek","Right","SI",95.19535,2.84278,0.70749,4.84896,1.9549,5.44675,16.72481,6.33129,-24.24602,0.2975899543,-4.535002414,-2.845535558,0.01542309369,2042.630138,249.1649685,0.9517878797,02:15:00,2023-10-10,"14:51:16"
"Brody","Brecht","Right","FB",98.47251,3.05998,-1.06733,6.32558,1.6348,5.90183,7.26981,16.23773,-12.6652,-2.257712,-4.796821,-3.558856,-2.374915,2256.411701,205.397399,NA,12:45:00,2023-10-27,"00:43:18"
"Brody","Brecht","Right","FB",97.71769,3.56507,-1.40767,6.25422,1.45826,6.04861,5.31551,13.6695,-15.23643,-2.615791,-4.405715,-3.569698,-1.529982,2080.532848,202.497541,NA,12:45:00,2023-10-27,"00:43:31"
"Brody","Brecht","Right","FB",96.66968,3.08247,-0.67577,6.36481,1.59013,5.73195,6.79063,14.50804,-15.64564,-1.825118,-5.072261,-3.037949,-2.120611,2102.662834,206.627591,NA,01:00:00,2023-10-27,"00:46:48"
"Brody","Brecht","Right","FB",96.43863,3.66374,0.02946,6.44272,1.43688,5.73131,7.91788,16.01761,-14.47646,-0.803057,-4.450721,-2.218677,-1.6869,2214.472421,207.87718,NA,01:00:00,2023-10-27,"00:47:01"
"Brody","Brecht","Right","FB",97.11733,2.6335,-0.65962,6.35515,1.5979,5.79886,8.38603,15.68513,-14.18981,-1.675871,-5.41854,-3.175288,-2.723762,2123.178404,209.687759,NA,01:00:00,2023-10-27,"00:47:14"
"Brody","Brecht","Right","FB",96.9738,4.0175,-0.33067,6.26693,1.61436,5.95631,6.12272,15.14473,-14.61863,-1.547185,-3.900904,-2.645724,-1.110679,2181.116774,203.366693,NA,12:45:00,2023-10-27,"00:50:09"
"Brody","Brecht","Right","FB",95.79358,2.48409,-1.74231,6.44697,1.48054,5.8969,5.86579,18.02123,-12.71213,-2.942829,-5.557441,-3.991497,-3.116841,2271.737548,199.045446,NA,12:45:00,2023-10-27,"00:59:51"
"Brody","Brecht","Right","FB",96.577,3.0912,-1.76093,6.48303,1.51193,5.87936,7.18107,19.93005,-10.45308,-2.878406,-4.753429,-4.16119,-2.705117,2235.255852,200.835509,NA,12:45:00,2023-10-27,"00:00:04"
"Brody","Brecht","Right","FB",96.68575,4.26687,-0.72088,6.3925,1.51148,5.77751,7.24004,18.35796,-12.02402,-1.750965,-3.540497,-3.044718,-1.205712,2196.203647,202.71908,NA,12:45:00,2023-10-27,"00:00:15"
"Brody","Brecht","Right","FB",96.01406,3.15462,0.8501,6.42828,1.38078,5.89342,6.22122,16.67922,-14.0595,-0.013163,-4.967326,-1.12982,-2.262412,2180.364062,201.783341,NA,12:45:00,2023-10-27,"00:00:26"
"Brody","Brecht","Right","FB",96.81861,3.01766,-0.38347,6.19775,1.57634,5.94073,8.30878,16.61493,-13.37977,-1.366654,-4.791667,-2.856772,-2.222365,2330.451375,208.044206,NA,01:00:00,2023-10-27,"00:03:20"
"Brody","Brecht","Right","FB",96.92217,2.35062,-1.66002,6.24297,1.71431,6.03199,5.88331,13.82658,-15.94426,-3.111545,-5.772109,-4.16596,-2.758996,2289.882918,204.572318,NA,12:45:00,2023-10-27,"00:03:36"
"Marcus","Morgan","Right","FB",95.75632,3.10872,0.28793,5.32704,2.63025,6.16899,11.77552,13.78343,-16.46946,-1.474801,-4.048259,-3.593666,-0.913912,2338.971944,222.59131,NA,01:30:00,2023-10-27,"00:10:18"
"Marcus","Morgan","Right","FB",96.16622,2.64194,-2.03466,5.32727,2.39936,6.29968,12.52146,15.2715,-14.913,-3.678439,-4.421611,-5.923809,-1.556967,2500.113453,221.323196,NA,01:30:00,2023-10-27,"00:10:34"
"Marcus","Morgan","Right","FB",96.29115,3.30851,-0.62268,5.33567,2.58255,6.35095,9.57564,16.57497,-13.36536,-2.61515,-3.582128,-4.340791,-0.989358,2447.991805,211.61694,NA,01:00:00,2023-10-27,"00:10:55"
"Marcus","Morgan","Right","FB",96.09682,3.50326,0.3926,5.2975,2.53698,6.41975,8.36012,15.71127,-13.753,-1.575413,-3.343475,-3.087605,-0.704022,2519.309688,209.378299,NA,01:00:00,2023-10-27,"00:11:17"
"Marcus","Morgan","Right","FB",96.77174,3.43449,-0.55443,5.32484,2.59006,6.50029,10.11221,14.70961,-14.38698,-2.50798,-3.509539,-4.335703,-0.751119,2516.550481,216.16116,NA,01:15:00,2023-10-27,"00:11:38"
"Marcus","Morgan","Right","FB",96.67565,2.70818,1.03006,5.3487,2.68084,6.25088,9.42107,17.2756,-12.3243,-0.939489,-4.136523,-2.639473,-1.747206,2479.867834,210.015148,NA,01:00:00,2023-10-27,"00:15:38"
"Marcus","Morgan","Right","FB",96.29118,3.31015,0.84242,5.37522,2.28669,6.43804,8.65544,18.39284,-11.32402,-0.787503,-3.445851,-2.355245,-1.219104,2641.810042,206.460137,NA,01:00:00,2023-10-27,"00:15:55"
"Will","Klein","Right","FB",96.83086,1.20064,0.27566,5.03512,0.92148,4.73496,9.41676,19.62652,-11.40761,0.2460675,-5.1961493,-1.5217755,-3.0644543,2189.3506,205.64146,0.9999092,12:45:00,2023-12-15,"18:36:41"
"Will","Klein","Right","FB",96.34411,4.99426,2.6552,5.17398,1.05518,4.38904,8.09247,23.25786,-8.93841,2.5014496,-1.0851233,0.97852355,0.5973774,2277.4565,199.1641,0.9669403,12:45:00,2023-12-22,"16:42:02"
"Will","Klein","Right","FB",97.80273,4.1817,0.72626,5.04918,1.09055,4.71803,11.59538,17.59877,-13.1368,0.7767479,-2.2404323,-1.4150236,0.24165666,2089.565,213.33197,0.9182259,01:00:00,2023-12-22,"16:42:28"
"Will","Klein","Right","FB",98.90219,3.58901,0.9717,5.02589,0.94792,NA,12.61824,21.62421,-10.18349,1.2555599,-2.4769328,-1.0623629,-0.6080162,2346.5657,210.234,0.9485298,01:00:00,2023-12-22,"16:43:09"
"Will","Klein","Right","FB",97.43612,6.47269,2.02343,5.03108,0.91395,4.76129,7.2107,21.0881,-10.03516,1.9091676,0.5200988,0.5414038,2.4233303,2259.0933,198.87294,0.99372476,12:45:00,2023-12-22,"16:44:26"
"Will","Klein","Right","FB",95.50341,4.27018,2.533,5.39143,1.47086,4.35295,NA,NA,NA,NA,NA,NA,NA,2117.8787,NA,0.98740625,NA,2023-12-22,"16:41:20"
"Will","Klein","Right","FB",98.50323,6.4221,1.89851,5.08932,1.18855,4.52972,5.51453,20.94209,-9.79963,1.3079604,0.42520076,0.26543796,2.2771165,2335.249,194.74681,0.9726078,12:30:00,2023-12-22,"16:43:39"
"Will","Klein","Right","FB",98.47018,4.54165,1.96417,5.01756,1.16705,4.70103,10.51694,19.82622,-10.17855,1.8908583,-1.5152205,-0.08431847,0.39588213,2233.7273,207.91449,0.9658561,01:00:00,2023-12-22,"16:47:03"
"Will","Klein","Right","FB",97.92263,3.74549,1.14853,5.25824,0.83836,4.6455,13.34778,18.87693,-12.06736,1.677262,-2.8223631,-0.8520249,-0.5386343,2296.4277,215.2279,0.9999969,01:15:00,2023-12-22,"16:45:08"
"Will","Klein","Right","FB",96.7847,7.7914,3.77935,5.27225,1.16629,5.68285,9.94302,19.21459,-11.12741,3.8383942,1.5897138,1.9320067,3.7254064,2260.6362,207.39227,0.9944484,01:00:00,2023-12-22,"16:47:22"
"Will","Klein","Right","FB",98.60812,3.65337,0.79435,5.05734,1.14281,4.85886,4.24302,20.38928,-9.73254,0.056350686,-2.4774365,-0.74867517,-0.63225764,2252.737,191.74152,0.9857959,12:30:00,2023-12-22,"16:46:41"
"Will","Klein","Right","FB",97.00285,2.37014,0.77563,5.02249,1.24247,4.61446,13.75447,19.73921,-11.31125,0.8662242,-3.9292352,-1.7119749,-1.8137348,2051.7622,214.85309,0.97675335,01:15:00,2023-12-29,"17:39:47"
"Will","Klein","Right","FB",96.462,0.91311,-0.59568,4.85918,1.24858,4.69936,14.14911,17.0929,-14.35066,-0.55677533,-5.6019883,-3.2114193,-2.917201,2148.2266,219.63277,0.98689157,01:15:00,2024-01-05,"17:42:36"
"Will","Klein","Right","FB",95.22264,3.16651,-0.95199,4.83355,1.31489,4.37222,9.0531,17.21554,-15.66457,-1.4935958,-3.3176618,-3.1899183,-0.381638,2197.9734,207.66945,NA,01:00:00,2024-01-16,"18:49:30"
"Will","Klein","Right","FB",96.29535,3.10369,1.73198,4.91408,1.28875,4.2398,11.94416,16.31057,-16.08209,1.6609589,-3.5106668,-0.582094,-0.4957196,2137.9524,216.17134,0.94980794,01:15:00,2024-01-23,"18:04:12"
"Will","Klein","Right","FB",95.89923,3.80552,0.17049,4.96908,1.23702,4.32745,9.22016,19.52009,-12.93197,-0.20709153,-2.5163574,-1.9369434,-0.09065977,2212.698,205.24065,0.9505568,12:45:00,2024-01-23,"18:04:57"
"Will","Klein","Right","FB",96.38995,2.6488,-1.20156,5.03044,1.21629,4.58606,5.39564,19.19569,-12.02876,-2.0361714,-3.6979065,-3.039799,-1.4611255,2152.8486,195.66924,0.9791259,12:30:00,2024-01-26,"18:20:06"
"Will","Klein","Right","FB",96.89739,3.85627,0.76333,4.91394,1.2315,4.59096,10.69951,16.79106,-13.93878,0.54861015,-2.4826624,-1.4426868,0.11021318,2060.9717,212.4573,0.9598202,01:00:00,2024-01-26,"18:12:46"
"Will","Klein","Right","FB",97.4401,2.83818,0.39135,4.96891,1.14696,4.53019,6.84904,21.04141,-9.60267,-0.1285436,-3.1979408,-1.4056424,-1.4096173,2209.281,198.01308,0.97223544,12:30:00,2024-01-26,"18:21:08"
"Will","Klein","Right","FB",95.67388,1.68684,0.13715,5.13754,1.08807,4.46284,5.24979,22.45471,-9.4665,-0.49200943,-4.5713553,-1.4695336,-2.8148077,2073.118,193.15892,0.96928537,12:30:00,2024-01-26,"18:15:09"
"Will","Klein","Right","FB",95.75894,1.14813,0.04366,5.03072,1.2211,4.57257,5.62972,18.88157,-12.75121,-0.6981866,-5.35036,-1.7461901,-2.9874096,2136.9165,196.60202,0.94539016,12:30:00,2024-01-26,"18:07:57"
"Will","Klein","Right","FB",97.21126,2.98649,1.40652,5.03399,1.291,4.57754,10.86957,18.27936,-12.2802,1.1847162,-3.3678205,-0.8383603,-1.0862931,2110.3027,210.70815,0.96671414,01:00:00,2024-01-26,"18:11:18"
"Will","Klein","Right","FB",96.7805,2.63323,-0.94176,4.92331,1.14353,4.70889,6.14016,18.53175,-12.12712,-1.6176716,-3.613556,-2.759763,-1.3589091,2037.0197,198.29956,0.97558254,12:30:00,2024-01-26,"18:12:28"
"Will","Klein","Right","FB",95.06227,2.95965,1.47112,5.20338,1.26031,4.42971,9.25796,22.09914,-10.1243,1.1277616,-3.3589516,-0.5931935,-1.4808651,2084.7644,202.7134,0.9595037,12:45:00,2024-01-26,"18:09:57"
"Will","Klein","Right","FB",98.64967,1.08084,-0.41955,5.17734,1.38464,5.33648,8.86711,17.38426,-11.98818,-1.0501456,-5.59398,-2.7344139,-3.3254807,2221.5554,207.03735,0.99149126,01:00:00,2024-02-02,"17:40:33"
"Will","Klein","Right","FB",97.18001,1.25328,-0.0442,5.2908,1.28769,5.17667,7.68689,19.40885,-11.13178,-0.6554679,-5.434801,-2.1151404,-3.3303094,2197.7346,201.6168,0.9926859,12:45:00,2024-02-02,"17:44:20"
"Will","Klein","Right","FB",95.33518,2.20965,-0.328,5.39458,1.08133,5.00197,8.38241,19.95549,-11.47639,-0.679306,-4.5291505,-2.2528317,-2.3798478,2064.504,202.7741,0.9755879,12:45:00,2024-02-02,"17:46:14"
"Will","Klein","Right","FB",96.23389,1.80826,-0.53779,5.3553,1.19102,5.23956,8.34779,20.64409,-10.39295,-1.0167375,-4.8433414,-2.6022825,-2.8742008,2265.5088,202.0147,0.9999427,12:45:00,2024-02-02,"17:37:38"
"Will","Klein","Right","FB",97.1643,1.76897,0.65815,5.24188,1.30061,5.26005,6.44955,20.66977,-9.73087,-0.040428054,-4.701591,-1.2676142,-2.857253,2360.491,197.3313,0.9799768,12:30:00,2024-02-02,"17:41:36"
"Jake","Brentz","Left","FB",95.51087,1.92498,0.01407,4.69548,-1.53885,5.72893,-2.99482,16.67444,-13.49068,1.3861785,-4.3314795,1.9531926,-1.7830031,2278.3733,169.83202,0.8053464,11:45:00,2024-02-02,"17:03:15"
"Jake","Brentz","Left","FB",95.51087,1.92498,0.01407,4.69548,-1.53885,5.72893,-2.99482,16.67444,-13.49068,1.3861785,-4.3314795,1.9531926,-1.7830031,2278.3733,169.83202,0.8053464,11:45:00,2024-02-02,"17:03:15"
"Will","Klein","Right","FB",97.2602,2.84571,-0.28672,5.25356,1.32236,5.11499,8.35245,18.77702,-11.7882,-0.882744,-3.761941,-2.4686012,-1.5257733,2287.319,203.95038,0.97533816,12:45:00,2024-02-02,"17:41:14"
"Will","Klein","Right","FB",95.96863,4.8322,0.82725,5.31633,1.16535,5.05732,5.86768,17.5321,-13.56823,0.2227523,-1.8694924,-0.88524604,0.69197565,1983.1578,198.47713,0.9999855,12:30:00,2024-02-02,"17:47:58"
"Will","Klein","Right","FB",97.35105,1.79549,-0.39137,5.15271,1.19776,5.37308,9.15108,18.0568,-12.15728,-0.78601885,-4.8320107,-2.5306354,-2.5200088,2219.17,206.86597,0.995811,01:00:00,2024-02-02,"17:38:18"
"Will","Klein","Right","FB",96.13426,1.48154,-0.217,5.32261,1.12269,5.28151,11.21068,17.27799,-13.72614,-0.31266505,-5.4922986,-2.4428208,-2.894235,2198.3245,212.98422,0.9999977,01:00:00,2024-02-02,"17:43:31"
"Will","Klein","Right","FB",96.94527,2.86106,1.15244,5.17821,1.2964,5.3986,11.89127,16.95766,-13.44856,1.0498464,-3.85265,-1.222432,-1.2884034,2211.6333,215.00888,0.98573905,01:15:00,2024-02-02,"17:43:08"
"Will","Klein","Right","FB",99.26499,1.24292,-0.92848,5.29207,1.1864,5.36439,7.06621,22.53685,-6.53307,-1.5645761,-5.002925,-2.9083495,-3.7629306,2261.73,197.42204,0.9999339,12:30:00,2024-02-02,"17:40:09"
"Will","Klein","Right","FB",97.19052,0.16971,0.81435,5.16536,1.38923,5.36116,12.81544,11.75214,-18.27612,0.66097456,-7.165187,-1.7680138,-3.7313633,2274.418,227.52702,0.9999637,01:30:00,2024-02-02,"17:49:26"
"Will","Klein","Right","FB",97.80317,3.13757,0.1643,5.21566,1.20845,5.22125,9.36792,14.37727,-15.35988,-0.18663667,-3.7580764,-1.9585688,-0.8563733,2061.0654,213.03857,0.970421,01:00:00,2024-02-02,"17:47:04"
"Will","Klein","Right","FB",97.80626,2.08078,1.02805,5.23974,1.1992,5.31756,5.56779,21.30868,-8.69395,0.37927654,-4.2696486,-0.6831517,-2.6166437,2388.99,194.6427,0.9393107,12:30:00,2024-02-02,"17:42:04"
"Will","Klein","Right","FB",96.77428,1.88924,0.16899,5.3278,1.14867,5.31179,6.61774,17.66248,-12.91074,-0.38637266,-4.9874315,-1.6463698,-2.5384333,2174.639,200.5324,0.99801725,12:45:00,2024-02-02,"17:39:22"
"Will","Klein","Right","FB",96.17624,3.14623,0.89264,5.15054,1.57607,4.38671,9.2136,21.69994,-9.82108,0.17658705,-3.0743346,-1.5338552,-1.2530465,2218.2102,202.98337,0.953513,12:45:00,2024-02-08,"18:04:52"
"Nick","Gardewine","Right","FB",95.10087,1.06835,-0.71222,5.28897,1.62338,4.3423,8.66451,23.95444,-9.46589,-1.5959933,-5.3915124,-3.2264235,-3.6145248,2211.2856,199.89513,0.9999613,12:45:00,2024-02-27,"17:58:11"
"Lukas","Veinbergs","Right","SI",95.27539,3.292,-0.72471,5.05577,1.93046,5.09395,12.89508,19.64538,-11.79087,-1.5675342,-3.0521562,-3.9887204,-0.8347005,2266.9875,213.2021,0.8609252,01:00:00,2024-03-01,"21:09:56"
